time,temperature,temperature_sigma,decimal_year,n_valid
1970-01-01,3.498511357428037,2.7370875065828404,1970.0416666666667,1002
1970-02-01,3.4438454984180638,2.7289839972426835,1970.125,1002
1970-03-01,3.4215808098065357,2.837376338328969,1970.2083333333333,1002
1970-04-01,3.6290212626743594,2.678950736958037,1970.2916666666667,1002
1970-05-01,3.4169804063378186,2.7513254843327695,1970.375,1002
1970-06-01,3.3972604870890226,2.9701988906864947,1970.4583333333333,1002
1970-07-01,3.388686080330885,2.969509736430461,1970.5416666666667,1002
1970-08-01,3.471578257807906,2.977022095687695,1970.625,1002
1970-09-01,3.5278158942116815,3.0721186849464983,1970.7083333333333,1002
1970-10-01,3.574141424397145,3.004552463918365,1970.7916666666667,1002
1970-11-01,3.4755654754566105,2.836859292238682,1970.875,1002
1970-12-01,3.545487675544049,2.7888505983206393,1970.9583333333333,1002
1971-01-01,3.4351880705122038,2.7619971375001593,1971.0416666666667,1002
1971-02-01,3.3004060650017975,2.8483692498043265,1971.125,1002
1971-03-01,3.1651450943649144,2.855926043892715,1971.2083333333333,1002
1971-04-01,3.4226288582548827,2.7527795010901155,1971.2916666666667,1002
1971-05-01,3.300310820652198,2.829615348182083,1971.375,1002
1971-06-01,3.3232228531338293,2.990558051760311,1971.4583333333333,1002
1971-07-01,3.559884037309932,2.97576500061556,1971.5416666666667,1002
1971-08-01,3.45612207176445,3.020411114056366,1971.625,1002
1971-09-01,3.239789466456985,3.19428791716353,1971.7083333333333,1002
1971-10-01,3.441377641703482,3.3084291073757512,1971.7916666666667,1002
1971-11-01,3.563580065404189,3.1823508808259486,1971.875,1002
1971-12-01,3.4718669514309037,3.09288887962711,1971.9583333333333,1002
1972-01-01,3.477843815236295,2.94343678528296,1972.0416666666667,1002
1972-02-01,3.350484946764234,2.972223370368829,1972.125,1002
1972-03-01,3.323069371247722,2.8842019129618524,1972.2083333333333,1002
1972-04-01,3.2762180671877625,2.8544998978774645,1972.2916666666667,1002
1972-05-01,3.1594457441215886,2.9107094448435458,1972.375,1002
1972-06-01,3.101136464863106,3.0053911024461164,1972.4583333333333,1002
1972-07-01,3.1153052371942236,3.0588294919273924,1972.5416666666667,1002
1972-08-01,3.30451182854478,3.057010718153863,1972.625,1002
1972-09-01,3.2589601636153804,3.1853825495695354,1972.7083333333333,1002
1972-10-01,3.352167622606635,3.102010356863907,1972.7916666666667,1002
1972-11-01,3.6070690640205476,3.0909850701932133,1972.875,1002
1972-12-01,3.4868135067324983,2.9190421044310075,1972.9583333333333,1002
1973-01-01,3.3651840401314974,2.626986382421456,1973.0416666666667,1002
1973-02-01,3.2585237342638544,2.703107651312173,1973.125,1002
1973-03-01,3.2313519241002813,2.701130764086616,1973.2083333333333,1002
1973-04-01,3.179232583107584,2.724265778018484,1973.2916666666667,1002
1973-05-01,3.1022999520428147,2.6381019721955874,1973.375,1002
1973-06-01,3.0624380989000093,2.868649488310644,1973.4583333333333,1002
1973-07-01,3.29846289133923,2.820190440478985,1973.5416666666667,1002
1973-08-01,3.244636168631782,3.0392001849564867,1973.625,1002
1973-09-01,3.381511466639734,3.119350714547925,1973.7083333333333,1002
1973-10-01,3.1833588719763846,3.1796532955730235,1973.7916666666667,1002
1973-11-01,3.360105843110867,3.0550435522796437,1973.875,1002
1973-12-01,3.3238686389749663,2.9335029835432693,1973.9583333333333,1002
1974-01-01,3.2319873160756645,2.892010205799449,1974.0416666666667,1002
1974-02-01,3.0608827333676527,2.864210728284453,1974.125,1002
1974-03-01,3.0993995742346807,2.7452737031206724,1974.2083333333333,1002
1974-04-01,3.130550144251066,2.6440207503811637,1974.2916666666667,1002
1974-05-01,3.0592382729096617,2.6523771551387383,1974.375,1002
1974-06-01,3.0299172001900962,2.8634201774106782,1974.4583333333333,1002
1974-07-01,3.2851476087272538,2.9706165966153986,1974.5416666666667,1002
1974-08-01,3.1723139818730184,2.9401872787016745,1974.625,1002
1974-09-01,3.3658462630081414,3.015855577054848,1974.7083333333333,1002
1974-10-01,3.344272212406008,3.0675276378506435,1974.7916666666667,1002
1974-11-01,3.4471064343371003,3.0056379495445618,1974.875,1002
1974-12-01,3.346246226401411,2.8860591166222753,1974.9583333333333,1002
1975-01-01,3.4476635710587513,2.823463889574347,1975.0416666666667,1002
1975-02-01,3.1674962645559113,2.723526751342849,1975.125,1002
1975-03-01,3.226578596037216,2.5488098152425556,1975.2083333333333,1002
1975-04-01,3.091922734983616,2.6141966114994535,1975.2916666666667,1002
1975-05-01,2.9579725305510234,2.609758695904817,1975.375,1002
1975-06-01,2.9450009483318222,2.829637750772568,1975.4583333333333,1002
1975-07-01,3.2555177106151576,2.772472359634001,1975.5416666666667,1002
1975-08-01,3.1708249346139072,2.863480042619206,1975.625,1002
1975-09-01,3.1691171161364386,2.9960163690383306,1975.7083333333333,1002
1975-10-01,3.4615830612706167,3.0020283770081146,1975.7916666666667,1002
1975-11-01,3.635649439084026,3.037709412369794,1975.875,1002
1975-12-01,3.5945515895527405,3.006737547916145,1975.9583333333333,1002
1976-01-01,3.522609883777383,2.8290167535169495,1976.0416666666667,1002
1976-02-01,3.4681497847237766,2.8579575703738396,1976.125,1002
1976-03-01,3.422723019654757,2.8334171953649303,1976.2083333333333,1002
1976-04-01,3.175850874196975,2.707915693062354,1976.2916666666667,1002
1976-05-01,3.157653339819113,2.685562316549469,1976.375,1002
1976-06-01,2.9727437230491134,2.682859488703744,1976.4583333333333,1002
1976-07-01,3.045235971216051,2.7845265994380433,1976.5416666666667,1002
1976-08-01,3.165177622294875,2.75606835206351,1976.625,1002
1976-09-01,3.135511940455747,2.8777733379214574,1976.7083333333333,1002
1976-10-01,3.2123874014387916,3.037888627254937,1976.7916666666667,1002
1976-11-01,3.6367952085147617,3.234778750007107,1976.875,1002
1976-12-01,3.8147503589252607,3.168387835377476,1976.9583333333333,1002
1977-01-01,3.5651782020097125,2.899674236992978,1977.0416666666667,1002
1977-02-01,3.4088240732888244,2.811268706389601,1977.125,1002
1977-03-01,3.336342847391537,2.8046302346366976,1977.2083333333333,1002
1977-04-01,3.452966757980991,2.8188749643518207,1977.2916666666667,1002
1977-05-01,3.518907249104532,2.8377685494651983,1977.375,1002
1977-06-01,3.521793529173045,2.842364392689541,1977.4583333333333,1002
1977-07-01,3.520071253460364,2.841068517843735,1977.5416666666667,1002
1977-08-01,3.48941586112089,2.912112865818668,1977.625,1002
1977-09-01,3.5179214926698563,3.049073593030474,1977.7083333333333,1002
1977-10-01,3.4072644391179154,3.0366500864817825,1977.7916666666667,1002
1977-11-01,3.630151981056502,3.093032767110814,1977.875,1002
1977-12-01,3.6059937284817063,3.037540318762861,1977.9583333333333,1002
1978-01-01,3.3059683572851877,2.97226977912094,1978.0416666666667,1002
1978-02-01,3.366056326102478,3.010980865559842,1978.125,1002
1978-03-01,3.3860240494210454,2.9377090412797324,1978.2083333333333,1002
1978-04-01,3.3128454962429976,2.815903241404455,1978.2916666666667,1002
1978-05-01,3.3313458164258916,2.8306088247872343,1978.375,1002
1978-06-01,3.189769307107511,2.901300974959379,1978.4583333333333,1002
1978-07-01,3.3198208020665145,2.9183619006037813,1978.5416666666667,1002
1978-08-01,3.4384572719939372,2.9781442196193417,1978.625,1002
1978-09-01,3.2738028152847005,3.0040548875923316,1978.7083333333333,1002
1978-10-01,3.151473750493186,2.9999244942430527,1978.7916666666667,1002
1978-11-01,3.3990057883320985,3.038319355389556,1978.875,1002
1978-12-01,3.346198641171437,2.9526179716834045,1978.9583333333333,1002
1979-01-01,3.298302282743481,2.995350564412969,1979.0416666666667,1002
1979-02-01,3.421324757437698,3.071041655405863,1979.125,1002
1979-03-01,3.3634330738417275,2.88969739560347,1979.2083333333333,1002
1979-04-01,3.112846325027681,2.736344403136333,1979.2916666666667,1002
1979-05-01,3.1732090916496745,2.8464789784321414,1979.375,1002
1979-06-01,3.21609426728402,2.899017066938456,1979.4583333333333,1002
1979-07-01,3.2308301163931237,2.8654083057449453,1979.5416666666667,1002
1979-08-01,3.2421302079702765,2.969136070074505,1979.625,1002
1979-09-01,3.457723898207373,2.928877819070747,1979.7083333333333,1002
1979-10-01,2.977815044310481,3.0804432337667182,1979.7916666666667,1002
1979-11-01,3.4195553481857845,3.006532474376622,1979.875,1002
1979-12-01,3.561988255815744,2.959732118850577,1979.9583333333333,1002
1980-01-01,3.4362983182875073,2.808261112624138,1980.0416666666667,1002
1980-02-01,3.1253353989380788,2.742580409079869,1980.125,1002
1980-03-01,3.201229459386662,2.7937697479251673,1980.2083333333333,1002
1980-04-01,3.26179070479796,2.7848269939868717,1980.2916666666667,1002
1980-05-01,3.331007015396468,2.7798630052073325,1980.375,1002
1980-06-01,3.124223082072616,2.773255764217851,1980.4583333333333,1002
1980-07-01,3.476050343342699,2.946508474746141,1980.5416666666667,1002
1980-08-01,3.3260269709197656,2.9092182587619324,1980.625,1002
1980-09-01,3.0368920902538568,3.162085369996752,1980.7083333333333,1002
1980-10-01,3.208382015146234,3.195960955068995,1980.7916666666667,1002
1980-11-01,3.7071822420417555,3.1528335398800986,1980.875,1002
1980-12-01,3.4641540456757816,3.0187563360594405,1980.9583333333333,1002
1981-01-01,3.265527669427826,2.854397367717059,1981.0416666666667,1002
1981-02-01,3.3262525095370976,3.0119675835883326,1981.125,1002
1981-03-01,3.1623307231007196,2.7766502625256875,1981.2083333333333,1002
1981-04-01,3.0718736349991227,2.7468133188819075,1981.2916666666667,1002
1981-05-01,3.1353604952574914,2.8706598605168976,1981.375,1002
1981-06-01,3.0454085369360486,2.9291049018840134,1981.4583333333333,1002
1981-07-01,3.239152187089312,2.8559400165752176,1981.5416666666667,1002
1981-08-01,3.2584775138295607,2.94666437670347,1981.625,1002
1981-09-01,3.3463860157911185,2.917730046812645,1981.7083333333333,1002
1981-10-01,3.7360634060087317,3.1056373132052024,1981.7916666666667,1002
1981-11-01,3.6270520605508403,3.0342299797403585,1981.875,1002
1981-12-01,3.579077838658027,3.021852106027719,1981.9583333333333,1002
1982-01-01,3.3179404878925207,3.007677123870104,1982.0416666666667,1002
1982-02-01,3.3095055159623317,2.943778497394172,1982.125,1002
1982-03-01,3.276412118612373,2.952353438906081,1982.2083333333333,1002
1982-04-01,3.1465634107970435,2.850628185445703,1982.2916666666667,1002
1982-05-01,3.196916270806697,2.671866364147961,1982.375,1002
1982-06-01,3.1198627496922984,2.8690911140443505,1982.4583333333333,1002
1982-07-01,3.1633637367353904,2.989573426858209,1982.5416666666667,1002
1982-08-01,3.1231951136071943,3.087604241268428,1982.625,1002
1982-09-01,3.0951614680186674,3.0634378490327374,1982.7083333333333,1002
1982-10-01,3.2795800843685794,3.169751092458115,1982.7916666666667,1002
1982-11-01,3.5246309046346673,3.06640966099004,1982.875,1002
1982-12-01,3.5620897354826613,3.083180705132977,1982.9583333333333,1002
1983-01-01,3.395558112910812,2.844244037987581,1983.0416666666667,1002
1983-02-01,3.133493179938555,2.760980187308566,1983.125,1002
1983-03-01,3.0877026433802666,2.7587914281183115,1983.2083333333333,1002
1983-04-01,3.0228630964868124,2.6916120695076047,1983.2916666666667,1002
1983-05-01,2.9788402231857414,2.647340543290328,1983.375,1002
1983-06-01,3.0369265207114253,2.884353899520512,1983.4583333333333,1002
1983-07-01,3.1902314694374514,2.9250407662444347,1983.5416666666667,1002
1983-08-01,3.21572773695657,3.0753359677052146,1983.625,1002
1983-09-01,3.057061178253907,3.049165920703604,1983.7083333333333,1002
1983-10-01,3.332658263183818,3.0138212168605127,1983.7916666666667,1002
1983-11-01,3.22086509518725,3.0722760382274457,1983.875,1002
1983-12-01,3.3464774006754174,3.052414900620249,1983.9583333333333,1002
1984-01-01,3.184150766720038,2.950969911134215,1984.0416666666667,1002
1984-02-01,3.037558082024838,2.9167609559805165,1984.125,1002
1984-03-01,2.8833266490312046,2.8932467029321027,1984.2083333333333,1002
1984-04-01,2.9210309013730784,2.7313970535787764,1984.2916666666667,1002
1984-05-01,2.9736858670634865,2.673787664897041,1984.375,1002
1984-06-01,2.681586082485498,2.642049061121518,1984.4583333333333,1002
1984-07-01,2.7757627905224598,2.7186076093268654,1984.5416666666667,1002
1984-08-01,2.9853506899351876,2.847750275284102,1984.625,1002
1984-09-01,2.89812700052064,2.948584008367149,1984.7083333333333,1002
1984-10-01,3.1952957905870525,3.027872705759947,1984.7916666666667,1002
1984-11-01,3.3094909800525536,3.0177175796861277,1984.875,1002
1984-12-01,3.275755560813241,2.9050431356866127,1984.9583333333333,1002
1985-01-01,3.317665281373836,2.8802097054330673,1985.0416666666667,1002
1985-02-01,3.1054296938835164,2.8533733979892375,1985.125,1002
1985-03-01,3.2358552260541056,2.877735011819947,1985.2083333333333,1002
1985-04-01,2.9470108517922498,2.744651183836652,1985.2916666666667,1002
1985-05-01,3.076681331295448,2.760534268070678,1985.375,1002
1985-06-01,3.0805011953690653,2.9091313153277873,1985.4583333333333,1002
1985-07-01,3.2460382361777724,2.974604425587549,1985.5416666666667,1002
1985-08-01,3.1364642786167765,2.999107007452931,1985.625,1002
1985-09-01,3.147926900466906,2.922278332311484,1985.7083333333333,1002
1985-10-01,3.154910896481006,3.06376338309559,1985.7916666666667,1002
1985-11-01,3.618994925696652,3.0838141215528023,1985.875,1002
1985-12-01,3.4490469911490704,3.1387835308556964,1985.9583333333333,1002
1986-01-01,3.1719128467802777,2.9109879648228882,1986.0416666666667,1002
1986-02-01,3.3196972133610507,2.8425795846896906,1986.125,1002
1986-03-01,3.3484484581530776,2.7906474822049603,1986.2083333333333,1002
1986-04-01,3.1169283868131155,2.73872935601797,1986.2916666666667,1002
1986-05-01,3.1238422788571625,2.751996173463055,1986.375,1002
1986-06-01,3.199614873776958,2.8369498808195743,1986.4583333333333,1002
1986-07-01,3.4627957942522647,2.7387597140551345,1986.5416666666667,1002
1986-08-01,3.514793163077012,3.001616525966188,1986.625,1002
1986-09-01,3.3540691534386093,3.059274262254254,1986.7083333333333,1002
1986-10-01,3.5050095324429074,3.0701367367557184,1986.7916666666667,1002
1986-11-01,3.6133087286549546,3.0441754599589617,1986.875,1002
1986-12-01,3.5306077690864393,2.988630347282655,1986.9583333333333,1002
1987-01-01,3.444895227084851,2.8060009388838703,1987.0416666666667,1002
1987-02-01,3.3799344398937285,2.852223997690069,1987.125,1002
1987-03-01,3.276813097432566,2.817451418439874,1987.2083333333333,1002
1987-04-01,3.297719608181297,2.6451364905924444,1987.2916666666667,1002
1987-05-01,3.294481721934367,2.667332383337706,1987.375,1002
1987-06-01,3.3030759769259634,2.6760827921834105,1987.4583333333333,1002
1987-07-01,3.2691723986464076,2.7706865965500773,1987.5416666666667,1002
1987-08-01,3.357464555624219,2.9401234108824155,1987.625,1002
1987-09-01,3.2209906263972203,2.969416248190046,1987.7083333333333,1002
1987-10-01,3.5026938813333204,3.07775150114062,1987.7916666666667,1002
1987-11-01,3.508383292391773,3.0396709498792163,1987.875,1002
1987-12-01,3.4193212682020047,3.0504777615166065,1987.9583333333333,1002
1988-01-01,3.177195243216299,2.9171854349496162,1988.0416666666667,1002
1988-02-01,3.2339369467787167,2.859826269778175,1988.125,1002
1988-03-01,3.232988532199402,2.8646456472549504,1988.2083333333333,1002
1988-04-01,3.1803930570931436,2.7691602871978516,1988.2916666666667,1002
1988-05-01,3.117193012646674,2.8352386298879506,1988.375,1002
1988-06-01,3.454790800202463,2.784349806299593,1988.4583333333333,1002
1988-07-01,3.3080869153897416,2.913386684277796,1988.5416666666667,1002
1988-08-01,3.327364909550792,2.9854008174596913,1988.625,1002
1988-09-01,3.222587485682716,2.953278303885995,1988.7083333333333,1002
1988-10-01,3.483015808364725,3.1602898272373277,1988.7916666666667,1002
1988-11-01,3.4127584871189343,3.1460291213619813,1988.875,1002
1988-12-01,3.4923896507204897,3.142757888216326,1988.9583333333333,1002
1989-01-01,3.4557634716347674,3.010664769472992,1989.0416666666667,1002
1989-02-01,3.4689671893493603,2.9281555274936983,1989.125,1002
1989-03-01,3.317104054234159,2.8498918718259216,1989.2083333333333,1002
1989-04-01,3.209279010608778,2.7618187897185766,1989.2916666666667,1002
1989-05-01,3.178522195595393,2.7078160696210567,1989.375,1002
1989-06-01,3.101697872373717,2.804741518133705,1989.4583333333333,1002
1989-07-01,3.1192576227729947,2.7611807945607922,1989.5416666666667,1002
1989-08-01,3.0922965823689585,2.748318565461108,1989.625,1002
1989-09-01,3.051808856162356,2.8989176348544623,1989.7083333333333,1002
1989-10-01,3.2707269656317073,3.132232534123008,1989.7916666666667,1002
1989-11-01,3.3278187813658664,2.9921371109399515,1989.875,1002
1989-12-01,3.2373176337995493,3.027464855182185,1989.9583333333333,1002
1990-01-01,3.193147180020674,2.8463415413269026,1990.0416666666667,1002
1990-02-01,3.192629050925648,2.8681480477933157,1990.125,1002
1990-03-01,3.3294055068409825,2.7988834479653555,1990.2083333333333,1002
1990-04-01,3.0981844277368764,2.667685843906663,1990.2916666666667,1002
1990-05-01,3.2287219567869005,2.561004909278769,1990.375,1002
1990-06-01,3.0512802504107723,2.6532429054967643,1990.4583333333333,1002
1990-07-01,3.0096342781128067,2.7868325277531882,1990.5416666666667,1002
1990-08-01,3.0324097154023315,2.717044515094718,1990.625,1002
1990-09-01,2.916139429070843,2.864717624017141,1990.7083333333333,1002
1990-10-01,3.337146888327471,2.9306839629048067,1990.7916666666667,1002
1990-11-01,3.468259649991023,2.932370617038057,1990.875,1002
1990-12-01,3.352294867225347,2.8367548536330673,1990.9583333333333,1002
1991-01-01,3.2467283594572494,2.77592068212028,1991.0416666666667,1002
1991-02-01,3.3637090413476542,2.7439352610087693,1991.125,1002
1991-03-01,3.3229869680679904,2.7214092801019834,1991.2083333333333,1002
1991-04-01,3.216047051157628,2.5481304403525855,1991.2916666666667,1002
1991-05-01,3.1006431539564763,2.6992314225690035,1991.375,1002
1991-06-01,3.129902151161319,2.7454198660790743,1991.4583333333333,1002
1991-07-01,3.0833976060582113,2.6187465366189917,1991.5416666666667,1002
1991-08-01,3.3226965520895555,2.953354680785449,1991.625,1002
1991-09-01,3.313521691303839,2.9897991525172958,1991.7083333333333,1002
1991-10-01,3.45856893803704,2.935911692639057,1991.7916666666667,1002
1991-11-01,3.364397831892478,2.978111940356215,1991.875,1002
1991-12-01,3.4059470556757225,2.9506247655361415,1991.9583333333333,1002
1992-01-01,3.157930668518934,2.808086221608871,1992.0416666666667,1002
1992-02-01,3.1672326910994757,2.7772569838882606,1992.125,1002
1992-03-01,3.2630881891439,2.802591949578967,1992.2083333333333,1002
1992-04-01,3.263745400058022,2.752061299735437,1992.2916666666667,1002
1992-05-01,3.252289938676028,2.786960169474807,1992.375,1002
1992-06-01,3.184967936266349,2.738361058328063,1992.4583333333333,1002
1992-07-01,3.1896073370699947,2.7867698241055403,1992.5416666666667,1002
1992-08-01,3.1101853286224355,2.745033392205775,1992.625,1002
1992-09-01,3.1910937469542997,2.8323900006842706,1992.7083333333333,1002
1992-10-01,3.4602946679338036,2.860876949403758,1992.7916666666667,1002
1992-11-01,3.62331202116643,2.919267243089064,1992.875,1002
1992-12-01,3.3649320815274297,2.7455895107236703,1992.9583333333333,1002
1993-01-01,3.249315547783993,2.738015090747916,1993.0416666666667,1002
1993-02-01,3.1134272595290993,2.617011396123467,1993.125,1002
1993-03-01,3.111841839973406,2.627567129957464,1993.2083333333333,1002
1993-04-01,3.1611439435150896,2.5254645677787924,1993.2916666666667,1002
1993-05-01,3.098939287643216,2.551350883708435,1993.375,1002
1993-06-01,3.1646936071731067,2.652835502684178,1993.4583333333333,1002
1993-07-01,3.092280937704098,2.735809776285379,1993.5416666666667,1002
1993-08-01,3.206710541806428,2.8572819308443926,1993.625,1002
1993-09-01,3.0379016461087107,3.030340353067302,1993.7083333333333,1002
1993-10-01,3.4575325731729794,2.8179346123174254,1993.7916666666667,1002
1993-11-01,3.441936366937386,2.8281249239574335,1993.875,1002
1993-12-01,3.4128172036135944,2.864108856083594,1993.9583333333333,1002
1994-01-01,3.196044316746534,2.71825132828446,1994.0416666666667,1002
1994-02-01,3.1956038333988444,2.6064320513777224,1994.125,1002
1994-03-01,3.4499305401472906,2.659239156370561,1994.2083333333333,1002
1994-04-01,3.217942755526453,2.464549388057235,1994.2916666666667,1002
1994-05-01,3.062103107136933,2.463410925975439,1994.375,1002
1994-06-01,3.0691749312588668,2.601728835631627,1994.4583333333333,1002
1994-07-01,3.090916468835993,2.721374312404373,1994.5416666666667,1002
1994-08-01,3.104055133256767,2.6741217549114995,1994.625,1002
1994-09-01,3.024540336073506,2.6689272046672587,1994.7083333333333,1002
1994-10-01,3.3000353439795207,2.6786820821897788,1994.7916666666667,1002
1994-11-01,3.3072294814894536,2.751984354628817,1994.875,1002
1994-12-01,3.2120015815913705,2.6894330229471355,1994.9583333333333,1002
1995-01-01,3.107117462672386,2.6410172775966476,1995.0416666666667,1002
1995-02-01,3.0050706324090934,2.5151936535069526,1995.125,1002
1995-03-01,3.0356865330618144,2.606008858298693,1995.2083333333333,1002
1995-04-01,3.0554467922910526,2.522553251903538,1995.2916666666667,1002
1995-05-01,2.861480005246529,2.5613455560048566,1995.375,1002
1995-06-01,2.913062214494865,2.5445176229085913,1995.4583333333333,1002
1995-07-01,2.915356714227309,2.6487687230809858,1995.5416666666667,1002
1995-08-01,2.9948714765300277,2.769292866710887,1995.625,1002
1995-09-01,2.8877004579662993,2.8916944965840012,1995.7083333333333,1002
1995-10-01,2.9812830868608873,2.9091081856038756,1995.7916666666667,1002
1995-11-01,3.0038019855925664,2.9692572120073826,1995.875,1002
1995-12-01,3.083559686191086,2.9236672015070906,1995.9583333333333,1002
1996-01-01,3.244518083502373,2.973609753395626,1996.0416666666667,1002
1996-02-01,3.3058586961554353,2.8877153771738455,1996.125,1002
1996-03-01,3.2485350627952614,2.9012388154137905,1996.2083333333333,1002
1996-04-01,3.4189608558658984,2.8114647108091737,1996.2916666666667,1002
1996-05-01,3.424683548521927,2.745180603038276,1996.375,1002
1996-06-01,3.2338409865338056,2.7627066025406757,1996.4583333333333,1002
1996-07-01,3.567981002121506,2.9163446154703165,1996.5416666666667,1002
1996-08-01,3.5960067812649976,2.9657927969087323,1996.625,1002
1996-09-01,3.395045170831136,2.9767221417008405,1996.7083333333333,1002
1996-10-01,3.4325797643914817,3.034459414093167,1996.7916666666667,1002
1996-11-01,3.4327245577053174,3.0543824915389823,1996.875,1002
1996-12-01,3.523875480963358,3.022050907114182,1996.9583333333333,1002
1997-01-01,3.4829832871791297,2.95905960481121,1997.0416666666667,1002
1997-02-01,3.382674853710918,2.838619194620612,1997.125,1002
1997-03-01,3.3029359596729777,2.7980693295764074,1997.2083333333333,1002
1997-04-01,3.2933308163854917,2.7956116168158127,1997.2916666666667,1002
1997-05-01,3.359732444995359,2.7638203661017426,1997.375,1002
1997-06-01,3.308210315972498,2.828422642354537,1997.4583333333333,1002
1997-07-01,3.3263601095935607,2.751897027450178,1997.5416666666667,1002
1997-08-01,3.402473265651795,3.1285005425062233,1997.625,1002
1997-09-01,3.428370807846926,3.089137168879178,1997.7083333333333,1002
1997-10-01,3.525224732982634,3.141065914043559,1997.7916666666667,1002
1997-11-01,3.540228670254066,3.11103052239022,1997.875,1002
1997-12-01,3.6842940575224707,3.072704531976027,1997.9583333333333,1002
1998-01-01,3.6309965998381304,3.037513754525576,1998.0416666666667,1002
1998-02-01,3.472797106954918,3.0402793417668654,1998.125,1002
1998-03-01,3.386392194628024,2.9517447114179864,1998.2083333333333,1002
1998-04-01,3.337632613551867,2.916482452088357,1998.2916666666667,1002
1998-05-01,3.5773455968497516,2.7831523033740715,1998.375,1002
1998-06-01,3.5832059821956177,2.9184622791386343,1998.4583333333333,1002
1998-07-01,3.5919443604622527,2.9000400518722107,1998.5416666666667,1002
1998-08-01,3.8527144063457857,2.988618336908252,1998.625,1002
1998-09-01,3.694714569130381,3.0537272631234598,1998.7083333333333,1002
1998-10-01,3.8398452514156434,3.173004088615122,1998.7916666666667,1002
1998-11-01,3.940489392447253,3.097903480221035,1998.875,1002
1998-12-01,3.957571879454523,3.007487660498825,1998.9583333333333,1002
1999-01-01,3.8932505584043944,2.8843827646487123,1999.0416666666667,1002
1999-02-01,3.6700690394056856,2.807875520798445,1999.125,1002
1999-03-01,3.6220004358003473,2.7283828927074945,1999.2083333333333,1002
1999-04-01,3.687731034820546,2.6537315444010026,1999.2916666666667,1002
1999-05-01,3.674845680563031,2.6237288732392487,1999.375,1002
1999-06-01,3.6639681935748767,2.776923370314617,1999.4583333333333,1002
1999-07-01,3.790171962415063,2.7180219210322565,1999.5416666666667,1002
1999-08-01,3.8739669667982617,2.7943710395610073,1999.625,1002
1999-09-01,3.789367779811578,2.9150397273946553,1999.7083333333333,1002
1999-10-01,3.8287463297421915,2.9181582232718437,1999.7916666666667,1002
1999-11-01,3.9110395424019635,2.946979241265153,1999.875,1002
1999-12-01,3.9820366849605646,2.930438555619946,1999.9583333333333,1002
2000-01-01,4.040472319073176,2.766802872630319,2000.0416666666667,1002
2000-02-01,3.7513938037226127,2.6860442416053387,2000.125,1002
2000-03-01,3.6895833722651665,2.5355526902684353,2000.2083333333333,1002
2000-04-01,3.728656244692237,2.491693714238161,2000.2916666666667,1002
2000-05-01,3.465245751185459,2.768141717201058,2000.375,1002
2000-06-01,3.5736729198314254,2.718978269310944,2000.4583333333333,1002
2000-07-01,3.5492337569941603,2.620301585792588,2000.5416666666667,1002
2000-08-01,3.604156177504425,2.8579490372950356,2000.625,1002
2000-09-01,3.5736062264855035,2.8616647467961185,2000.7083333333333,1002
2000-10-01,3.718043468583638,3.0147519061158015,2000.7916666666667,1002
2000-11-01,3.6374001226397974,2.9920238011339424,2000.875,1002
2000-12-01,3.80960522703186,2.7795987610858086,2000.9583333333333,1002
2001-01-01,3.9544567608810364,2.5946835475630863,2001.0416666666667,1002
2001-02-01,3.7849466538862644,2.7286539629146382,2001.125,1002
2001-03-01,3.510810514140715,2.6609493141319116,2001.2083333333333,1002
2001-04-01,3.410600519690506,2.7160072912530095,2001.2916666666667,1002
2001-05-01,3.477118697262697,2.78589610079724,2001.375,1002
2001-06-01,3.596027974299982,2.9465593910693024,2001.4583333333333,1002
2001-07-01,3.6496460535800206,2.9210643051672043,2001.5416666666667,1002
2001-08-01,3.6904436577476547,2.9552094193763265,2001.625,1002
2001-09-01,3.7509989545893343,2.9769553252345533,2001.7083333333333,1002
2001-10-01,3.988094152771732,2.9599283025012793,2001.7916666666667,1002
2001-11-01,3.883821159038155,3.0000531767715803,2001.875,1002
2001-12-01,3.9040547598930115,2.9135473967844883,2001.9583333333333,1002
2002-01-01,3.9433439501000302,2.8148098599301603,2002.0416666666667,1002
2002-02-01,3.772654989627046,2.8247211779880517,2002.125,1002
2002-03-01,3.7639912429650146,2.748265398301338,2002.2083333333333,1002
2002-04-01,3.7426818140287503,2.6809135812790226,2002.2916666666667,1002
2002-05-01,3.4870904637875464,2.8372808851395765,2002.375,1002
2002-06-01,3.5221035456742644,2.9316513574491165,2002.4583333333333,1002
2002-07-01,3.586876663200984,2.93889477469494,2002.5416666666667,1002
2002-08-01,3.5069806499608807,2.9729949311820354,2002.625,1002
2002-09-01,3.519051511987774,3.0172532166396264,2002.7083333333333,1002
2002-10-01,3.6915135056462893,2.92080651092093,2002.7916666666667,1002
2002-11-01,3.7288958044045977,3.0038245865717372,2002.875,1002
2002-12-01,3.7807790176030416,3.0835771839900823,2002.9583333333333,1002
2003-01-01,3.8706933066771296,3.0136574340316415,2003.0416666666667,1002
2003-02-01,3.822543088187936,2.9603979758129677,2003.125,1002
2003-03-01,3.799101094333887,2.839906075557725,2003.2083333333333,1002
2003-04-01,3.726167066366639,2.819199862633705,2003.2916666666667,1002
2003-05-01,3.6506860394229923,2.859815374473597,2003.375,1002
2003-06-01,3.6638300666690706,2.9245557691193222,2003.4583333333333,1002
2003-07-01,4.003764531017291,2.9867147560461427,2003.5416666666667,1002
2003-08-01,3.991016640431933,3.0398126618788366,2003.625,1002
2003-09-01,3.906245161445562,3.121320030015509,2003.7083333333333,1002
2003-10-01,4.0409188067059345,3.0040064241539133,2003.7916666666667,1002
2003-11-01,4.094433983697975,3.0904162342192585,2003.875,1002
2003-12-01,4.1562090461338785,3.008260244448433,2003.9583333333333,1002
2004-01-01,4.137698466203478,2.8766142422032828,2004.0416666666667,1002
2004-02-01,3.995295405723848,2.8600251276430106,2004.125,1002
2004-03-01,3.991407722199639,2.896714524126802,2004.2083333333333,1002
2004-04-01,3.8104830024770537,2.9017977744893617,2004.2916666666667,1002
2004-05-01,3.7641300568237632,2.9012670801182296,2004.375,1002
2004-06-01,3.5353543232809614,2.999640209534188,2004.4583333333333,1002
2004-07-01,3.5996882864277966,3.117142926172894,2004.5416666666667,1002
2004-08-01,3.622564137580115,3.0753285088960816,2004.625,1002
2004-09-01,3.7601352422804726,3.2181429130541193,2004.7083333333333,1002
2004-10-01,3.84368590746669,3.3080348854064634,2004.7916666666667,1002
2004-11-01,3.928624648100313,3.2260387960815042,2004.875,1002
2004-12-01,3.982987094089238,3.14399627970571,2004.9583333333333,1002
2005-01-01,3.7479531574092078,2.9561545769731468,2005.0416666666667,1002
2005-02-01,3.6054619744258214,2.9109137994502126,2005.125,1002
2005-03-01,3.5385989534519178,2.806595033589314,2005.2083333333333,1002
2005-04-01,3.4463136265805034,2.8033158505938847,2005.2916666666667,1002
2005-05-01,3.663371842150825,2.884752401273672,2005.375,1002
2005-06-01,3.682815955673679,2.93606534928732,2005.4583333333333,1002
2005-07-01,3.6572830021288927,3.099794343932064,2005.5416666666667,1002
2005-08-01,3.7286431250490373,3.200181306721795,2005.625,1002
2005-09-01,3.898063619812749,3.171511072827345,2005.7083333333333,1002
2005-10-01,3.695232478356148,3.2306574658511327,2005.7916666666667,1002
2005-11-01,3.744395392782076,3.3258233119989535,2005.875,1002
2005-12-01,3.7769778622071413,3.1076910948341276,2005.9583333333333,1002
2006-01-01,3.851122745372808,2.8919985456614925,2006.0416666666667,1002
2006-02-01,3.877566948562775,2.8511818922570833,2006.125,1002
2006-03-01,3.766741550177529,2.8182954836915126,2006.2083333333333,1002
2006-04-01,3.6709511716894534,2.8219697525313636,2006.2916666666667,1002
2006-05-01,3.5620484370281065,2.8279680654116177,2006.375,1002
2006-06-01,3.6552271488635557,2.947816752924269,2006.4583333333333,1002
2006-07-01,3.792235961026315,2.9703076639670565,2006.5416666666667,1002
2006-08-01,3.702591795780416,3.1772926690593017,2006.625,1002
2006-09-01,3.832335659607457,3.1113078752255263,2006.7083333333333,1002
2006-10-01,3.85021807044473,3.213673319398531,2006.7916666666667,1002
2006-11-01,3.9321999381856276,3.164159796591168,2006.875,1002
2006-12-01,4.180785751706909,3.1237315083237394,2006.9583333333333,1002
2007-01-01,4.066467808360313,3.0752136021198653,2007.0416666666667,1002
2007-02-01,3.9888388057204844,3.008577872757685,2007.125,1002
2007-03-01,3.973741658504845,2.961858023701276,2007.2083333333333,1002
2007-04-01,3.888306409142515,2.953176443039658,2007.2916666666667,1002
2007-05-01,3.8910513807585687,3.0226084156751725,2007.375,1002
2007-06-01,3.9269676845883876,3.0693497114168213,2007.4583333333333,1002
2007-07-01,4.092242635185666,3.0446002074446628,2007.5416666666667,1002
2007-08-01,3.976609820586055,3.1874377003844563,2007.625,1002
2007-09-01,4.108535358071772,3.254349151206131,2007.7083333333333,1002
2007-10-01,3.998492586644,3.2677180309463525,2007.7916666666667,1002
2007-11-01,4.170987716058476,3.248433975446973,2007.875,1002
2007-12-01,4.420625061595322,3.2144661133657175,2007.9583333333333,1002
2008-01-01,4.364566766428575,3.0421215456623916,2008.0416666666667,1002
2008-02-01,4.1470688260041895,2.972379731308597,2008.125,1002
2008-03-01,3.982615563703335,2.8534109072868294,2008.2083333333333,1002
2008-04-01,3.7680135526487275,2.8685801761519527,2008.2916666666667,1002
2008-05-01,3.81034019938121,2.89751388556722,2008.375,1002
2008-06-01,3.785959534856585,3.0244447859270096,2008.4583333333333,1002
2008-07-01,3.894966325324411,3.0998816759053214,2008.5416666666667,1002
2008-08-01,3.6482814394371186,3.3183367875483603,2008.625,1002
2008-09-01,3.5389800078161633,3.331286205760092,2008.7083333333333,1002
2008-10-01,3.949712659956234,3.2015341103040065,2008.7916666666667,1002
2008-11-01,3.996618893424616,3.231647473790717,2008.875,1002
2008-12-01,4.049377551879085,2.96355478703935,2008.9583333333333,1002
2009-01-01,3.8484017415463274,2.8930897693320916,2009.0416666666667,1002
2009-02-01,3.8945910638990227,2.912253431547242,2009.125,1002
2009-03-01,3.8527093253327087,2.9114643187500513,2009.2083333333333,1002
2009-04-01,3.855916633695639,2.798681893171095,2009.2916666666667,1002
2009-05-01,3.7418701604181415,2.878536539384088,2009.375,1002
2009-06-01,3.8078114245727344,2.909242916875124,2009.4583333333333,1002
2009-07-01,3.6325522675285375,3.0629369353256113,2009.5416666666667,1002
2009-08-01,3.3480183156863177,3.2975601680427635,2009.625,1002
2009-09-01,3.654673017741552,3.3224927742993433,2009.7083333333333,1002
2009-10-01,3.8362739936807486,3.3511164382023977,2009.7916666666667,1002
2009-11-01,3.9231462010454923,3.4093666313239797,2009.875,1002
2009-12-01,3.9305005741604258,3.2478573449450567,2009.9583333333333,1002
2010-01-01,3.842627595550996,3.1099403311295584,2010.0416666666667,1002
2010-02-01,3.840405749632982,2.9948906000637248,2010.125,1002
2010-03-01,3.7552426027343655,2.914545039112107,2010.2083333333333,1002
2010-04-01,3.674448947214172,2.9145689211532253,2010.2916666666667,1002
2010-05-01,3.7722781227335,2.9629202401618313,2010.375,1002
2010-06-01,3.8211286608912265,2.9708790583224034,2010.4583333333333,1002
2010-07-01,3.7721025922489178,3.092508929469559,2010.5416666666667,1002
2010-08-01,3.631276112174251,3.1845614842649583,2010.625,1002
2010-09-01,3.585950977722295,3.1493019896720655,2010.7083333333333,1002
2010-10-01,3.847186511438823,3.162591385954057,2010.7916666666667,1002
2010-11-01,3.9662453066130174,3.1075545550984964,2010.875,1002
2010-12-01,4.139302514818491,2.9681664244960113,2010.9583333333333,1002
2011-01-01,4.180726396736666,2.924565329948827,2011.0416666666667,1002
2011-02-01,3.9916741176982264,2.9033202207334785,2011.125,1002
2011-03-01,3.8692128027248787,2.8604395621226724,2011.2083333333333,1002
2011-04-01,3.75342855399011,2.8202362398212286,2011.2916666666667,1002
2011-05-01,3.7144725176276348,2.8877249091162396,2011.375,1002
2011-06-01,3.638285115994353,2.9690093336949026,2011.4583333333333,1002
2011-07-01,3.78697063674784,2.973924272126388,2011.5416666666667,1002
2011-08-01,3.6897505290071817,3.076204233211091,2011.625,1002
2011-09-01,3.746769221650739,3.0752809490952937,2011.7083333333333,1002
2011-10-01,3.7729092281026717,3.1601237387697263,2011.7916666666667,1002
2011-11-01,3.9694713260791925,3.1072773094520727,2011.875,1002
2011-12-01,3.9970182051858236,2.958305274885436,2011.9583333333333,1002
2012-01-01,3.86004656207094,2.7256199882443037,2012.0416666666667,1002
2012-02-01,3.814248803720279,2.678385347803489,2012.125,1002
2012-03-01,3.6979076612900696,2.6551555733028183,2012.2083333333333,1002
2012-04-01,3.6601092620653635,2.6834252545551016,2012.2916666666667,1002
2012-05-01,3.733332014092587,2.768925405152665,2012.375,1002
2012-06-01,3.7544609463929604,2.7983368667232904,2012.4583333333333,1002
2012-07-01,3.552982339518297,2.8588121140953184,2012.5416666666667,1002
2012-08-01,3.3644178736858485,2.949935033938406,2012.625,1002
2012-09-01,3.4828143518396004,2.989976940813963,2012.7083333333333,1002
2012-10-01,3.5772778553801317,2.9637219402954043,2012.7916666666667,1002
2012-11-01,3.6877326228898513,2.9557014983057117,2012.875,1002
2012-12-01,3.784507073647498,2.876350886231028,2012.9583333333333,1002
2013-01-01,3.8375402737485906,2.855984097492331,2013.0416666666667,1002
2013-02-01,3.7978820053799405,2.8052638574120983,2013.125,1002
2013-03-01,3.7430865686497623,2.7884734695456883,2013.2083333333333,1002
2013-04-01,3.741216733616665,2.7566385480970967,2013.2916666666667,1002
2013-05-01,3.7122482353536608,2.7762159356980107,2013.375,1002
2013-06-01,3.6625486047628777,2.881960126473579,2013.4583333333333,1002
2013-07-01,3.6066880902944236,2.922789410588519,2013.5416666666667,1002
2013-08-01,3.487594957950294,3.011628616438523,2013.625,1002
2013-09-01,3.7069114945132027,2.978620444100742,2013.7083333333333,1002
2013-10-01,3.739298040088398,3.056628066913596,2013.7916666666667,1002
2013-11-01,3.6800757093705974,3.0897686834848757,2013.875,1002
2013-12-01,3.7176328993431635,3.162627592681541,2013.9583333333333,1002
2014-01-01,3.652059963779134,2.9379044508876397,2014.0416666666667,1002
2014-02-01,3.697103338314897,2.8501230262459156,2014.125,1002
2014-03-01,3.5623632115738193,2.78103336850546,2014.2083333333333,1002
2014-04-01,3.5095514682752236,2.7836658722442014,2014.2916666666667,1002
2014-05-01,3.5662271367355527,2.741209005410451,2014.375,1002
2014-06-01,3.714976631458927,2.7642673510390656,2014.4583333333333,1002
2014-07-01,3.6503879865101765,2.813602347770095,2014.5416666666667,1002
2014-08-01,3.7579667879814966,2.877730919182327,2014.625,1002
2014-09-01,3.648366371674339,3.0212662930836953,2014.7083333333333,1002
2014-10-01,3.633139612949671,3.1843908317182485,2014.7916666666667,1002
2014-11-01,3.685948059525794,3.21266216934817,2014.875,1002
2014-12-01,3.7970868882414432,3.0500453444799467,2014.9583333333333,1002
2015-01-01,3.732192291897605,2.865902464182474,2015.0416666666667,1002
2015-02-01,3.454523418396169,2.68934095222529,2015.125,1002
2015-03-01,3.3033738757264106,2.604462525131509,2015.2083333333333,1002
2015-04-01,3.2699236629289086,2.5837252599519522,2015.2916666666667,1002
2015-05-01,3.2681041862849542,2.6198676398820764,2015.375,1002
2015-06-01,3.350456678432948,2.6156389962880437,2015.4583333333333,1002
2015-07-01,3.4973814860222805,2.6388528165072556,2015.5416666666667,1002
2015-08-01,3.558941114234639,2.686069724262355,2015.625,1002
2015-09-01,3.601692149398922,2.7479109567857685,2015.7083333333333,1002
2015-10-01,3.6013237712320447,2.7747191613199234,2015.7916666666667,1002
2015-11-01,3.688146336919574,2.7478791009320958,2015.875,1002
2015-12-01,3.6745107981270952,2.6753299502134036,2015.9583333333333,1002
2016-01-01,3.6152847672440926,2.631696327272079,2016.0416666666667,1002
2016-02-01,3.479443365447907,2.557310912643988,2016.125,1002
2016-03-01,3.402686756609023,2.512768725244449,2016.2083333333333,1002
2016-04-01,3.3834822143080787,2.533119853350189,2016.2916666666667,1002
2016-05-01,3.4408647949763957,2.5494512544830092,2016.375,1002
2016-06-01,3.4209195938972345,2.6276452011520295,2016.4583333333333,1002
2016-07-01,3.4605793402006286,2.607674441719436,2016.5416666666667,1002
2016-08-01,3.349641452895314,2.700240354816942,2016.625,1002
2016-09-01,3.4371469049485492,2.704489718464305,2016.7083333333333,1002
2016-10-01,3.4387873565892417,2.7406875020648003,2016.7916666666667,1002
2016-11-01,3.6294293990210726,2.719195199660747,2016.875,1002
2016-12-01,3.7552811750177777,2.7241072444478096,2016.9583333333333,1002
2017-01-01,3.6878482467735325,2.6181322683698203,2017.0416666666667,1002
2017-02-01,3.5869527386372684,2.5475767953560027,2017.125,1002
2017-03-01,3.5095948862762056,2.5351442340483836,2017.2083333333333,1002
2017-04-01,3.4804742974329357,2.571799763380316,2017.2916666666667,1002
2017-05-01,3.438207449983216,2.6188054165837147,2017.375,1002
2017-06-01,3.4684421233054787,2.6987456163554953,2017.4583333333333,1002
2017-07-01,3.427727490552403,2.8280508249984155,2017.5416666666667,1002
2017-08-01,3.512261042417624,2.797890185779093,2017.625,1002
2017-09-01,3.6540232462087987,2.7396200901208587,2017.7083333333333,1002
2017-10-01,3.7377341402633886,2.7650460576443607,2017.7916666666667,1002
2017-11-01,3.750276241166016,2.7998421078540576,2017.875,1002
2017-12-01,3.810291750579539,2.7009303194363192,2017.9583333333333,1002
2018-01-01,3.7326911801935467,2.6303794345468137,2018.0416666666667,1002
2018-02-01,3.573401087091467,2.4836740849460264,2018.125,1002
2018-03-01,3.448244632247434,2.4746846696006726,2018.2083333333333,1002
2018-04-01,3.4459198974634777,2.5057336276002977,2018.2916666666667,1002
2018-05-01,3.439000992136974,2.5588719311978134,2018.375,1002
2018-06-01,3.2977664323924536,2.557828041475072,2018.4583333333333,1002
2018-07-01,3.380958850206169,2.652353521772209,2018.5416666666667,1002
2018-08-01,3.44598008471743,2.682033548103336,2018.625,1002
2018-09-01,3.4876282827681795,2.7381084267824782,2018.7083333333333,1002
2018-10-01,3.5170213858128454,2.7993453634987806,2018.7916666666667,1002
2018-11-01,3.5316754763692453,2.8734529204857893,2018.875,1002
2018-12-01,3.692998334302962,2.8810024971373105,2018.9583333333333,1002
2019-01-01,3.6541869117344623,2.8880540558857155,2019.0416666666667,1002
2019-02-01,3.5690850833550916,2.7788656016736857,2019.125,1002
2019-03-01,3.4109375757886675,2.8075003102943263,2019.2083333333333,1002
2019-04-01,3.336140594906019,2.79278034743558,2019.2916666666667,1002
2019-05-01,3.3525196627761615,2.7676995332268874,2019.375,1002
2019-06-01,3.399306636332966,2.8145755495693705,2019.4583333333333,1002
2019-07-01,3.568638781946862,2.800699176509186,2019.5416666666667,1002
2019-08-01,3.5843909688276145,2.81648291691589,2019.625,1002
2019-09-01,3.613859317382868,2.8392308434700593,2019.7083333333333,1002
2019-10-01,3.683035328854327,2.816289144767541,2019.7916666666667,1002
2019-11-01,3.7279519502646763,2.7940520131300723,2019.875,1002
2019-12-01,3.7477463278222656,2.8288567899734827,2019.9583333333333,1002
2020-01-01,3.6211543711260914,2.8142624611383322,2020.0416666666667,1002
2020-02-01,3.4263942832169962,2.794078889219169,2020.125,1002
2020-03-01,3.2856033623596637,2.677826671250711,2020.2083333333333,1002
2020-04-01,3.280067445771978,2.649262433020437,2020.2916666666667,1002
2020-05-01,3.2729469629501042,2.668331419082222,2020.375,1002
2020-06-01,3.3051436468002073,2.6756022822364365,2020.4583333333333,1002
2020-07-01,3.3469423145256365,2.7445961960024876,2020.5416666666667,1002
2020-08-01,3.4668734801911913,2.7986576977733524,2020.625,1002
2020-09-01,3.528370253921399,2.8079585740719297,2020.7083333333333,1002
2020-10-01,3.678265714219434,2.7979323782849623,2020.7916666666667,1002
2020-11-01,3.6438863586465398,2.7813483336391847,2020.875,1002
2020-12-01,3.7494337943038456,2.7719218074101613,2020.9583333333333,1002
2021-01-01,3.7322971530401627,2.661291490442926,2021.0416666666667,1002
2021-02-01,3.699390835137133,2.590883010810992,2021.125,1002
2021-03-01,3.7284568541871916,2.6264722509272906,2021.2083333333333,1002
2021-04-01,3.660689479732245,2.6925588328280585,2021.2916666666667,1002
2021-05-01,3.6426842950890155,2.7344565614302776,2021.375,1002
2021-06-01,3.7459886823646715,2.6569439085816153,2021.4583333333333,1002
